{"cameraMode":{"drawMode":0,"name":"Shaded","section":"Shading Mode"},"sceneLighting":true,"audioPlay":false,"sceneViewState":{"showFog":true,"showMaterialUpdate":false,"showSkybox":true,"showFlares":true,"showImageEffects":true,"showParticleSystems":true},"in2DMode":false,"pivot":{"x":-5.645203113555908,"y":1.5744295120239258,"z":-12.137414932250977},"rotation":{"x":0.6841752529144287,"y":-0.10893475264310837,"z":0.104452945291996,"w":0.7135314345359802},"size":6.399997711181641,"orthographic":false}